{
    "no2":46.0055,
    "o3":47.99820,
    "pm10":1449.127490,
    "pm25":3622.818725,
    "so2":64.066,
    "co":28.01,
    "bc":12.011
  }
  