{
    "no2":518.20206,
    "o3":47.99820,
    "pm10":1449.127490,
    "pm25":3622.818725,
    "so2":64.066,
    "co":58.9331950,
    "bc":12.011
  }
  